,var_ave,var_var,ave_ave,ave_var
1990,0.1871769848527846,0.0088532398860626,14.013353161174434,55.116382146449396
1995,0.18789180773460057,0.008949180948551164,12.899516749606239,64.03746351407285
2000,0.19431411268011242,0.010308008290799236,13.60516218914555,60.90799917286656
2005,0.19313480820746895,0.01020420841229293,13.688146046786004,72.468486253209
2010,0.18817569357240035,0.008980280858962438,14.111910908617295,70.69056263610258
