,var_ave,var_var,ave_ave,ave_var
1990,0.18968376040681276,0.009554792586389967,17.547423245386597,65.54405138628887
1995,0.19104188876051006,0.009436161450502929,16.06887707832435,55.87277743388368
2000,0.1886934011751928,0.009109537755930801,16.865302118334576,60.85821656153125
2005,0.19463771784871112,0.01021404001125566,17.14597561270198,69.33753768473561
2010,0.18929566528907785,0.009203999587636763,17.089337825299243,62.45036049508511
