,var_ave,var_var,ave_ave,ave_var
1990,0.19271154816862351,0.009853953360961946,3.047026020960386,1.919161958481113
1995,0.1884209517087427,0.009133409474304058,2.9934229014537816,1.5343101441674822
2000,0.19220047064766724,0.009966420974756472,2.9722880461076007,2.2732169481016427
2005,0.18791464574319428,0.00899546570744446,2.9179089626460804,1.4770631176239704
2010,0.18993127304719198,0.009422322566699427,,
