,var_ave,var_var,ave_ave,ave_var
1990,0.18816125242472556,0.009114239197875244,14.921432502628074,55.726407377631205
1995,0.18822096025461874,0.00904826998460379,14.373380766266717,68.43879847330948
2000,0.18943261714036147,0.009096871724695442,14.531674582154372,55.45583937502855
2005,0.19012574630923582,0.009272926998951535,14.376023591605101,62.57942518979967
2010,0.18682637106344466,0.0087978422663908,14.451163628459213,53.91263927144339
