,var_ave,var_var,ave_ave,ave_var
1990,0.18705751731346582,0.008845417031370898,12.412582472901589,74.6954322661276
1995,0.1902139153078243,0.009262477922616422,11.24794487802186,81.51285865639503
2000,0.1882556001087874,0.008934892860966945,12.350645028505491,88.26132829722773
2005,0.1883970615941168,0.009048700921859635,11.59934364316178,85.88763132673047
2010,0.18837181996996505,0.009038465438753696,12.405271231507792,91.39755407629251
