,var_ave,var_var,ave_ave,ave_var
1990,0.18924541417591795,0.009172254766211295,932.9318764031393,288.7863251999958
1995,0.18983067763091946,0.009278059014134313,928.2440315794126,417.3264697387341
2000,0.1888475152967654,0.00901977713539987,931.5006979991286,129.22095308049234
2005,0.18870079185744262,0.009074640075434142,930.5893260875382,278.57625264924854
2010,0.190486138735928,0.00947963845796771,927.1728262222446,710.1848218690684
