,var_ave,var_var,ave_ave,ave_var
1990,0.19089304037787377,0.009409272673921108,18.51091016679733,94.50287449272886
1995,0.18780225077709373,0.0089348072123477,16.85839183493079,79.56668422244165
2000,0.18758418657154066,0.008974117590545233,17.99441170234355,93.51007379975165
2005,0.18901558680983607,0.009154431314645405,18.07487079369894,81.2928653019297
2010,0.18759284133476248,0.008924122231025068,18.369510746318948,95.81067553482318
