,var_ave,var_var,ave_ave,ave_var
1990,0.1887906592428612,0.009126614605179799,69.25617530492713,66.05972562730577
1995,0.19068495030055654,0.009544507340357507,66.95081711985438,43.628823916817126
2000,0.1887827365722768,0.009321809822045531,67.21088725481579,48.67425201955856
2005,0.18714252803188244,0.008862918063366363,64.08518954419714,48.13844914746301
2010,0.19049615546498475,0.009214732411359684,63.92101228988222,43.55479191182437
