,var_ave,var_var,ave_ave,ave_var
1990,0.19755793820063672,0.011721558789593295,72.43447008950156,66.35532884329606
1995,0.1875903682171251,0.008914083794637906,73.89416516940028,92.42097814816844
2000,0.18961142401734749,0.009492048205026572,74.26753974953274,41.407768814117624
2005,0.188715842847265,0.00916076031083529,67.93687718416162,60.624587965582684
2010,0.1867568631740253,0.00879709644627775,73.03304311493514,60.67265513825869
