,var_ave,var_var,ave_ave,ave_var
1990,0.18818824075357513,0.009229759071267002,21.51305434422722,50.40063901927885
1995,0.1893036537989108,0.009307100178478177,21.788217816928093,53.414904453379926
2000,0.1884007260966543,0.008959060630686619,21.33171314199826,39.13119453973712
2005,0.1871854613857557,0.00883909896058758,20.628792831734774,48.3111804541958
2010,0.18945003394783536,0.009122678890649716,22.06276267809002,40.646823787491826
