,var_ave,var_var,ave_ave,ave_var
1990,0.19096752916390675,0.009353603290035106,25.360320433980327,21.435823904332512
1995,0.1871708455045515,0.008831257724487005,24.78293544065053,25.14713197630522
2000,0.192665404171525,0.009616683145065134,25.06693852362955,15.808636225794933
2005,0.1943754531786145,0.010344876213410315,25.17380569156512,27.60738959329323
2010,0.1875901946787099,0.008898773935694977,25.499780004042886,17.69818274242698
