,var_ave,var_var,ave_ave,ave_var
1990,0.19181347373585766,0.00955542315915569,22.65861799779861,20.66587094535325
1995,0.18748258562666686,0.008910281285600088,22.12565128965103,25.573644248175427
2000,0.2033529468628457,0.014333894731046487,22.33526700601741,25.90480582699968
2005,0.18810228438750717,0.00900057126622686,22.865821106166354,23.857644380493785
2010,0.19007702382040922,0.009209372190365632,22.755124875661668,20.734768543333956
