,var_ave,var_var,ave_ave,ave_var
1990,0.19650365001242948,0.010461059738289546,13.955979484873442,65.26665971294125
1995,0.18859285929067976,0.009017788396039516,13.135200533337256,65.30825205501714
2000,0.19317619948119039,0.010097147619077089,13.815682174321037,66.32114791804645
2005,0.18878458443467544,0.009070288355189008,13.584480115170676,73.02747794563076
2010,0.19053472991101958,0.009555727109620294,13.92656468373869,69.12725373960066
