,var_ave,var_var,ave_ave,ave_var
1990,0.1870489167382714,0.008834571676443453,17.396974090798917,59.310751280086144
1995,0.1875539832399245,0.008907113690915765,16.540085104802433,66.3214428023815
2000,0.19653471413125767,0.01146220866869489,16.994282139807705,71.31611132577284
2005,0.19235754897324872,0.00955040949552642,16.429156501595592,74.778575282067
2010,0.18799841298262684,0.009013300059291959,17.686098104010476,64.94562394164033
