,var_ave,var_var,ave_ave,ave_var
1990,0.1881589250890133,0.00894635253473214,14.489480530097074,65.61445689857743
1995,0.1893004880637146,0.009196513433179036,12.966134747717959,55.871780957620985
2000,0.1893153566278042,0.009393851671983157,13.27838389162164,51.591565101613426
2005,0.18881450810420533,0.009070013867813056,14.296075571174745,54.91401483618093
2010,0.18898521283475847,0.009070122273257918,13.658496450477738,59.66650059723872
