,var_ave,var_var,ave_ave,ave_var
1990,0.19154789610799824,0.00975432257472918,10.473447080725427,69.71437522145342
1995,0.18963816013809245,0.009233329812056221,8.890353866690276,74.37315859805388
2000,0.18921988705390522,0.009179787977161626,8.744392053337343,91.81450851167354
2005,0.19011909397702062,0.009565839407227926,8.639062657405766,91.06316107820705
2010,0.18890795850197462,0.009181234494866042,9.579025909003509,85.66469495619602
