,var_ave,var_var,ave_ave,ave_var
1990,0.1880922852922469,0.009071662082942819,998.2233431091934,516.5502986383312
1995,0.1867831485572579,0.008839638622526343,997.7680055722865,323.1086393713555
2000,0.19051957872713216,0.009298000330140905,996.2998053475087,211.55602999417803
2005,0.18845054860770818,0.0090644431490275,995.7895663288077,383.36206592231713
2010,0.18982256439912007,0.009707725057979903,991.3744921096906,1208.0065743334333
