,var_ave,var_var,ave_ave,ave_var
1990,0.18859634797617053,0.009113333341736198,68.9680957710755,93.3964331746367
1995,0.1889801483814217,0.009093756456436878,69.20648863399367,42.124730887862775
2000,0.18812689512389583,0.008926228595884642,72.54970394996482,75.1930929649002
2005,0.1900467202158617,0.009611397479707023,65.62016983734354,41.69346545126225
2010,0.19050600067577192,0.009339380366141514,65.66067038257596,46.63304565053658
