,var_ave,var_var,ave_ave,ave_var
1990,0.18894225017020505,0.009060804359209045,3.1522005557574038,3.1906153398148973
1995,0.18807653546047054,0.008948690640065957,4.605851637019816,5.268530869979808
2000,0.1897507388663728,0.009455077357626704,4.377430297079253,5.8769110975529335
2005,0.1884779127948726,0.009088329838629807,3.6961241748036895,6.16249480061037
2010,0.1930642912188299,0.009879765757046062,3.838322380674013,4.453187099237234
