,var_ave,var_var,ave_ave,ave_var
1990,0.1895391892923141,0.009570359488090707,6.446438217554557,73.07572815613673
1995,0.19181627120006187,0.009940341058886698,5.560918389379662,80.2751494034798
2000,0.1872484743404884,0.008905518338178429,5.453408462150326,105.07835568537438
2005,0.19068455426586273,0.009304590648454328,5.257495756686369,82.08931730553958
2010,0.1880512739272676,0.008968617731470284,6.307311468178131,94.08096936701291
