,var_ave,var_var,ave_ave,ave_var
1990,0.18878431570013976,0.009220758178846454,13.688850677172107,57.99419044821094
1995,0.1908222413604152,0.009543380385926562,13.11386899995505,61.90187573541189
2000,0.1894855104430371,0.00924768162196392,13.37481862290622,62.723819188630905
2005,0.19287227044264613,0.010484591883834875,12.54602101152104,66.33831064026094
2010,0.19807647516206825,0.011271837526324404,13.499670676244946,68.30860213498917
