,var_ave,var_var,ave_ave,ave_var
1990,0.18960036571451075,0.009129966357597559,20.18318876536209,52.97916683079192
1995,0.19009459077535668,0.009218985802330153,20.10936577214326,51.25172833455582
2000,0.1912964664869753,0.009586114104372824,20.39975338502176,55.63760688675704
2005,0.18982577632885939,0.00934733129263972,19.38623515877939,67.49298131580385
2010,0.19248696391621567,0.009493768820180739,20.334649566988176,63.87206715074943
