,var_ave,var_var,ave_ave,ave_var
1990,0.18909827149836017,0.00921246707339126,16.83241414109504,53.49107723196783
1995,0.1890044890946068,0.009224677876810871,16.29468417647485,60.51187182052686
2000,0.188808684803373,0.009003992211291657,17.058811925779743,59.54164315006797
2005,0.1882730353930365,0.0090802712402854,16.1941798988862,56.16795232230635
2010,0.18780343889457043,0.00900827253602228,16.48165944961585,61.088341454463674
