,var_ave,var_var,ave_ave,ave_var
1990,0.187333298597913,0.008893393118494092,997.7332370782708,326.6035980696775
1995,0.18882576632602,0.009059028759884314,996.5037362235721,209.26945277289002
2000,0.18921248818535122,0.009130958445674223,993.4832450304231,508.9159590057397
2005,0.18719848185292268,0.008896479705962565,995.4170558940513,269.3989570306447
2010,0.1966928164518445,0.011429488159781434,985.2137263834653,2513.2980900768025
